Step,Time,Temp,PotEng,TotEng,Press,Volume
2,0.001,300,6860.676,7015.7494,585803.95,96071.912
1000,0.999,144.37729,6941.281,7015.9112,590483.29,96071.912
2000,1.999,155.7486,6935.3945,7015.9027,590143.72,96071.912
3000,2.999,144.58492,6941.1758,7015.9134,590479.12,96071.912
4000,3.999,155.06744,6935.7475,7015.9036,590163.91,96071.912
5000,4.999,145.55017,6940.6753,7015.9118,590449.59,96071.912
6000,5.999,153.06091,6936.7868,7015.9057,590224.61,96071.912
7000,6.999,150.50152,6938.1095,7015.9055,590300.65,96071.912
8000,7.999,147.75211,6939.5342,7015.9089,590383.5,96071.912
9000,8.999,148.35454,6939.2244,7015.9105,590366.05,96071.912
10000,9.999,149.8705,6938.4374,7015.9072,590319.98,96071.912
10002,10.001,149.76117,6938.4942,7015.9074,590323.24,96071.912
10002,10.001,149.76117,6938.4942,7015.9074,590323.24,96071.912
11000,10.999,149.83404,6938.3816,7015.8325,590314.07,96072.114
12000,11.999,152.60971,6936.3376,7015.2233,590175.43,96073.759
13000,12.999,149.48683,6936.2668,7013.5382,590117.41,96078.345
14000,13.999,152.27013,6931.5475,7010.2577,589736.87,96087.245
15000,14.999,152.02644,6926.3783,7004.9625,589264.07,96101.638
16000,15.999,150.93394,6919.2886,6997.3081,588604.93,96122.464
17000,16.999,149.58759,6909.7354,6987.0589,587717.92,96150.382
18000,17.999,149.29355,6896.9315,6974.1031,586554.37,96185.738
19000,18.999,149.84811,6880.9895,6958.4476,585121.59,96228.551
20000,19.999,150.54126,6862.4116,6940.2281,583453.7,96278.511
21000,20.999,150.21185,6842.0444,6919.6906,581607.61,96334.994
22000,21.999,146.79895,6821.3118,6897.1939,579678.28,96397.085
23000,22.999,149.56802,6795.8494,6873.1628,577426.17,96463.624
24000,23.999,150.7925,6770.1692,6848.1156,575130.18,96533.255
25000,24.999,147.92295,6746.1309,6822.5939,572913.94,96604.491
26000,25.999,150.34407,6719.4356,6797.1502,570549.21,96675.785
27000,26.999,147.48645,6696.0987,6772.3361,568399.46,96745.599
28000,27.999,147.66566,6672.3241,6748.6542,566262.87,96812.478
29000,28.999,146.62714,6650.7625,6726.5557,564306.14,96875.116
30000,29.999,147.92431,6629.9428,6706.4066,562455.31,96932.415
31000,30.999,142.24126,6614.9694,6688.4955,561014.27,96983.528
32000,31.999,145.58817,6597.723,6672.9792,559520.91,97027.894
33000,32.999,145.53043,6584.7184,6659.9447,558352.35,97065.259
34000,33.999,144.46815,6574.6783,6649.3556,557433.03,97095.679
35000,34.999,146.45256,6565.3647,6641.0677,556629.94,97119.511
36000,35.999,146.29646,6559.2358,6634.8581,556077.82,97137.399
37000,36.999,146.79318,6554.5265,6630.4056,555663.02,97150.231
38000,37.999,146.12428,6551.7954,6627.3287,555406.48,97159.109
39000,38.999,144.50903,6550.4894,6625.1877,555262.49,97165.292
40000,39.999,144.44538,6548.8414,6623.5069,555113.72,97170.144
41000,40.999,145.8017,6546.4338,6621.8004,554920.59,97175.073
42000,41.999,144.61071,6544.8335,6619.5844,554756.93,97181.474
43000,42.999,143.45102,6542.2539,6616.4053,554506.53,97190.671
44000,43.999,147.01661,6535.8464,6611.841,553991.89,97203.859
45000,44.999,145.20281,6530.4971,6605.554,553481.23,97222.057
46000,45.999,145.73906,6521.9297,6597.2639,552721.98,97246.068
47000,46.999,145.54528,6511.5618,6586.7958,551789.38,97276.448
48000,47.999,146.93699,6498.1005,6574.0539,550605.78,97313.481
49000,48.999,144.27759,6484.4826,6559.0613,549341.06,97357.174
50000,49.999,147.07113,6465.8904,6541.9131,547722.88,97407.253
51000,50.999,142.66676,6449.0809,6522.827,546144.58,97463.183
52000,51.999,144.80816,6427.2178,6502.0708,544224.15,97524.186
53000,52.999,145.02209,6405.0375,6480.0011,542244.46,97589.279
54000,53.999,146.11718,6381.4878,6457.0174,540157.41,97657.321
55000,54.999,146.33317,6357.9074,6433.5486,538054.39,97727.059
56000,55.999,141.30604,6337.0063,6410.049,536104.5,97797.19
57000,56.999,145.70257,6311.6152,6386.9305,533911.96,97866.414
58000,57.999,143.49027,6290.4471,6364.6188,531987.35,97933.497
59000,58.999,142.82627,6269.6384,6343.467,530121.51,97997.32
60000,59.999,141.92391,6250.4186,6323.7807,528394.02,98056.928
61000,60.999,141.44727,6232.6765,6305.7922,526806.19,98111.563
62000,61.999,142.39699,6216.0558,6289.6624,525343.14,98160.697
63000,62.999,142.45519,6201.8304,6275.4671,524078.33,98204.044
64000,63.999,142.85432,6189.3667,6263.2097,522976,98241.568
65000,64.999,142.29069,6179.2576,6252.8092,522067.96,98273.475
66000,65.999,143.14872,6170.1121,6244.1073,521269.05,98300.203
67000,66.999,143.07015,6162.9388,6236.8933,520629.78,98322.395
68000,67.999,140.73854,6158.1499,6230.8992,520165.3,98340.867
69000,68.999,144.57323,6151.0704,6225.802,519600.03,98356.576
70000,69.999,142.32186,6147.6991,6221.2669,519263.24,98370.576
71000,70.999,140.36975,6144.3739,6216.9326,518935.39,98383.973
72000,71.999,143.77237,6138.1133,6212.4308,518436.4,98397.882
73000,72.999,140.84872,6134.6175,6207.4238,518076.88,98413.382
74000,73.999,143.46954,6127.4162,6201.5773,517480.47,98431.472
75000,74.999,140.77952,6121.8526,6194.6231,516941.67,98453.036
76000,75.999,140.83831,6113.5151,6186.316,516202.84,98478.811
77000,76.999,141.52167,6103.3338,6176.488,515310.71,98509.355
78000,77.999,139.75615,6092.7877,6165.0292,514345.38,98545.035
79000,78.999,143.70798,6077.6084,6151.8926,513064.87,98586.01
80000,79.999,139.96074,6064.7701,6137.1174,511864.13,98632.23
81000,80.999,140.01498,6048.4079,6120.7832,510414.73,98683.44
82000,81.999,141.21627,6030.058,6103.0543,508808.7,98739.197
83000,82.999,139.314,6012.1223,6084.1353,507189.3,98798.884
84000,83.999,139.50739,5992.165,6064.2779,505425.81,98861.744
85000,84.999,140.6237,5971.0723,6043.7623,503578.02,98926.91
86000,85.999,137.35948,5951.8927,6022.8953,501828.56,98993.443
87000,86.999,140.16309,5929.5246,6001.9765,499897.82,99060.372
88000,87.999,139.53697,5909.1848,5981.3131,498090.74,99126.736
89000,88.999,139.40586,5889.1233,5961.1837,496317.27,99191.621
90000,89.999,137.36475,5870.8344,5941.8398,494669.25,99254.198
91000,90.999,139.69684,5851.2764,5923.4872,492982.4,99313.752
92000,91.999,138.55924,5834.6798,5906.3027,491501.08,99369.711
93000,92.999,140.22578,5817.9087,5890.393,490050.8,99421.664
94000,93.999,138.19174,5804.3928,5875.8257,488826.34,99469.37
95000,94.999,137.45906,5791.5573,5862.6114,487684.75,99512.767
96000,95.999,139.2901,5778.6963,5850.6969,486582.79,99551.961
97000,96.999,137.10289,5769.1374,5840.0074,485705.13,99587.227
98000,97.999,139.89494,5758.077,5830.3903,484778.11,99618.985
99000,98.999,137.13769,5750.8071,5821.6952,484093.82,99647.784
100000,99.999,137.05282,5742.8585,5813.7026,483392.58,99674.276
101000,100.999,136.60973,5735.5844,5806.1995,482745.3,99699.193
102000,101.999,136.84643,5728.2076,5798.945,482101.04,99723.311
103000,102.999,137.01977,5720.8753,5791.7024,481458.58,99747.425
104000,103.999,138.68572,5712.5449,5784.2332,480754.61,99772.319
105000,104.999,138.31303,5704.8229,5776.3185,480070.41,99798.734
106000,105.999,137.87868,5696.4911,5767.7622,479330.83,99827.345
107000,106.999,137.34256,5687.3943,5758.3882,478523.54,99858.735
108000,107.999,135.65632,5677.9412,5748.0635,477665.31,99893.377
109000,108.999,138.16189,5665.2614,5736.6788,476593.81,99931.619
110000,109.999,136.50165,5653.637,5724.1963,475546.75,99973.671
111000,110.999,137.39103,5639.5691,5710.588,474328.01,100019.6
112000,111.999,135.86348,5625.6668,5695.8962,473083.3,100069.35
113000,112.999,135.61264,5610.0762,5680.176,471712.72,100122.69
114000,113.999,135.98788,5593.2524,5663.5461,470245.55,100179.3
115000,114.999,136.00797,5575.8376,5646.1416,468720.96,100238.73
116000,115.999,134.29128,5558.7164,5628.1331,467193.25,100300.45
117000,116.999,136.26298,5539.2472,5609.6831,465523.82,100363.86
118000,117.999,133.5023,5522.0071,5591.0159,463969.55,100428.28
119000,118.999,134.83764,5502.5966,5572.2957,462295.69,100493.07
120000,119.999,134.82076,5484.0506,5553.741,460675.9,100557.54
121000,120.999,132.75582,5466.9056,5535.5285,459144.42,100621.07
122000,121.999,134.7,5448.1728,5517.8008,457541.46,100683.08
123000,122.999,134.34699,5431.2697,5500.7152,456061.27,100743.06
124000,123.999,134.47527,5414.8692,5484.381,454633.55,100800.61
125000,124.999,132.75114,5400.2625,5468.8831,453331.47,100855.4
126000,125.999,133.52958,5385.2137,5454.2366,452033.42,100907.26
127000,126.999,135.11358,5370.6391,5440.4809,450791.22,100956.1
128000,127.999,133.66094,5358.533,5427.6239,449712.19,101001.97
129000,128.999,134.50909,5346.0394,5415.5687,448639.15,101045.01
130000,129.999,131.05866,5336.5403,5404.286,447755.22,101085.48
131000,130.999,132.78222,5324.9837,5393.6204,446778.32,101123.73
132000,131.999,130.7818,5315.8823,5383.4849,445954.71,101160.17
133000,132.999,134.68498,5304.101,5373.7212,444994.98,101195.29
134000,133.999,133.63045,5295.1449,5364.22,444198.85,101229.61
135000,134.999,133.40345,5285.8458,5354.8036,443387.11,101263.68
136000,135.999,131.8059,5277.2074,5345.3394,442608.74,101298.05
137000,136.999,133.69932,5266.5206,5335.6313,441712.41,101333.24
138000,137.999,132.02926,5257.354,5325.6014,440889.25,101369.76
139000,138.999,132.45606,5246.6492,5315.1173,439964.64,101408.05
140000,139.999,129.41493,5237.1609,5304.057,439091.24,101448.48
141000,140.999,130.98362,5224.6167,5292.3236,438029.9,101491.38
142000,141.999,132.12896,5211.615,5279.9139,436920.13,101536.94
143000,142.999,132.10906,5198.4698,5266.7585,435780.7,101585.3
144000,143.999,133.91751,5183.6684,5252.8918,434526.92,101636.48
145000,144.999,131.8368,5170.1779,5238.3258,433323.67,101690.41
146000,145.999,132.81678,5154.4228,5223.0773,431975.9,101746.96
147000,146.999,130.86044,5139.6356,5207.2789,430662.1,101805.86
148000,147.999,128.22563,5124.7062,5190.9874,429325.99,101866.82
149000,148.999,131.32968,5106.3809,5174.2667,427790.88,101929.45
150000,149.999,131.77686,5089.1645,5157.2814,426309.49,101993.35
151000,150.999,128.56471,5073.7225,5140.1791,424920.22,102058.06
152000,151.999,131.93994,5054.7854,5122.9867,423339.69,102123.11
153000,152.999,130.67475,5038.3552,5105.9024,421900.67,102188.05
154000,153.999,130.0318,5021.845,5089.0599,420462.79,102252.44
155000,154.999,128.22538,5006.2633,5072.5445,419086.18,102315.86
156000,155.999,130.86279,4988.7071,5056.3516,417616.2,102377.97
157000,156.999,128.43535,4974.3293,5040.719,416333.71,102438.46
158000,157.999,129.18134,4958.8062,5025.5815,415006.54,102497.1
159000,158.999,128.94851,4944.3327,5010.9877,413755.91,102553.74
160000,159.999,129.34278,4930.1202,4996.979,412537.56,102608.3
161000,160.999,128.06051,4917.3857,4983.5816,411417.65,102660.78
162000,161.999,128.26821,4904.4142,4970.7175,410302.97,102711.26
163000,162.999,127.93277,4892.2441,4958.374,409248.08,102759.89
164000,163.999,127.94766,4880.333,4946.4705,408221.73,102806.87
165000,164.999,127.87686,4868.8576,4934.9586,407231.26,102852.5
166000,165.999,129.80521,4856.5821,4923.6799,406207.9,102897.07
167000,166.999,128.43068,4846.2535,4912.6408,405297.16,102940.94
168000,167.999,128.73159,4835.1386,4901.6814,404348.09,102984.48
169000,168.999,127.39257,4824.9853,4890.836,403448.62,103028.07
170000,169.999,127.66656,4813.876,4879.8682,402496.29,103072.09
171000,170.999,127.31832,4802.8643,4868.6766,401545.5,103116.9
172000,171.999,127.34317,4791.4648,4857.29,400564.31,103162.83
173000,172.999,126.55685,4780.1397,4845.5584,399578.21,103210.18
174000,173.999,127.92,4767.3158,4833.4391,398499.68,103259.19
175000,174.999,126.80218,4755.3815,4820.927,397454.9,103310.06
176000,175.999,127.73583,4741.899,4807.9271,396313.08,103362.93
177000,176.999,125.24298,4729.7653,4794.5048,395228.93,103417.87
178000,177.999,126.06177,4715.4386,4780.6013,394011.16,103474.88
179000,178.999,125.68995,4701.2765,4766.2471,392788.98,103533.92
180000,179.999,127.17821,4685.7335,4751.4734,391479.14,103594.88
181000,180.999,125.22859,4671.5913,4736.3234,390234.36,103657.59
182000,181.999,125.24263,4656.1421,4720.8814,388908.47,103721.84
183000,182.999,124.13191,4640.9889,4705.1541,387591.87,103787.37
184000,183.999,125.10758,4624.5763,4689.2459,386202.02,103853.9
185000,184.999,124.68513,4608.8105,4673.2616,384843.59,103921.12
186000,185.999,124.57841,4592.8728,4657.2688,383474.55,103988.73
187000,186.999,124.88879,4576.6891,4641.2456,382095.9,104056.41
188000,187.999,126.43772,4560.0239,4625.381,380694.54,104123.86
189000,188.999,124.39345,4545.4009,4609.7013,379409.57,104190.81
190000,189.999,124.30777,4529.9785,4594.2346,378089.03,104256.99
191000,190.999,123.75774,4515.1139,4579.0857,376807.85,104322.21
192000,191.999,124.19113,4500.0117,4564.2075,375524.83,104386.3
193000,192.999,126.77953,4484.1656,4549.6993,374213.27,104449.12
194000,193.999,122.54761,4472.2055,4535.5517,373121.68,104510.61
195000,194.999,124.06651,4457.6141,4521.7455,371900.9,104570.76
196000,195.999,123.70839,4444.3241,4508.2704,370762.07,104629.59
197000,196.999,123.91056,4431.0902,4495.141,369635.68,104687.17
198000,197.999,122.7051,4418.8717,4482.2994,368574.36,104743.64
199000,198.999,122.22353,4406.5639,4469.7426,367515.7,104799.15
200000,199.999,124.11889,4393.1978,4457.3562,366408.57,104853.89
201000,200.999,121.79436,4382.1646,4445.1215,365432.35,104908.08
202000,201.999,123.29765,4369.2838,4433.0178,364359.76,104961.97
203000,202.999,123.11494,4357.3378,4420.9773,363339.12,105015.79
204000,203.999,122.57383,4345.5237,4408.8835,362326.78,105069.8
205000,204.999,122.76597,4333.3077,4396.7668,361289.81,105124.24
206000,205.999,122.407,4321.2394,4384.5129,360259.04,105179.35
207000,206.999,122.98374,4308.547,4372.1187,359189.06,105235.33
208000,207.999,124.44823,4295.1611,4359.4898,358077.45,105292.38
209000,208.999,121.52856,4283.7975,4346.6169,357067.39,105350.65
210000,209.999,121.25334,4270.8588,4333.536,355964.86,105410.26
211000,210.999,121.84486,4257.137,4320.12,354813.1,105471.3
212000,211.999,124.64715,4242.0776,4306.5091,353579.66,105533.82
213000,212.999,122.70027,4229.1611,4292.5862,352453.73,105597.83
214000,213.999,119.81172,4216.3842,4278.3162,351329.37,105663.29
215000,214.999,123.43696,4200.1323,4263.9383,350008.92,105730.13
216000,215.999,122.32903,4185.965,4249.1983,348795.36,105798.26
217000,216.999,119.81072,4172.3335,4234.265,347605.5,105867.55
218000,217.999,119.55615,4157.4325,4219.2325,346342.15,105937.85
219000,218.999,119.13428,4142.4908,4204.0726,345073.76,106008.97
220000,219.999,121.63479,4125.8987,4188.7731,343716.92,106080.73
221000,220.999,121.30987,4110.7781,4173.4846,342436.02,106152.95
222000,221.999,119.79779,4096.2215,4158.1463,341187.41,106225.42
223000,222.999,121.75869,4079.9545,4142.893,339849.87,106297.96
224000,223.999,119.38069,4065.9659,4127.6752,338637.01,106370.39
225000,224.999,120.07658,4050.4808,4112.5497,337348.66,106442.55
226000,225.999,119.34034,4035.9302,4097.6186,336113.95,106514.3
227000,226.999,119.35754,4021.1408,4082.838,334873.55,106585.51
228000,227.999,118.49222,4006.8965,4068.1465,333669.42,106656.11
229000,228.999,117.54587,3992.9508,4053.7116,332486,106726.02
230000,229.999,116.79759,3979.1299,4039.5038,331317.01,106795.23
231000,230.999,116.98812,3965.018,4025.4905,330137.77,106863.72
232000,231.999,116.47035,3951.4008,4011.6056,328992.52,106931.53
233000,232.999,118.2352,3936.8603,3997.9774,327803.38,106998.71
234000,233.999,117.27417,3923.8154,3984.4358,326699.16,107065.33
235000,234.999,117.66227,3910.2233,3971.0442,325571.2,107131.51
236000,235.999,118.64838,3896.4534,3957.7841,324437.24,107197.36
237000,236.999,116.60214,3884.2693,3944.5423,323391.82,107263.01
238000,237.999,119.25917,3869.7904,3931.4369,322225.86,107328.6
239000,238.999,116.72642,3857.9626,3918.2998,321202.16,107394.28
240000,239.999,115.70578,3845.3645,3905.1742,320138.03,107460.2
241000,240.999,117.1604,3831.4641,3892.0257,319003.69,107526.51
242000,241.999,117.46442,3818.073,3878.7917,317896.43,107593.34
243000,242.999,116.18123,3805.4424,3865.4978,316826.92,107660.82
244000,243.999,114.11718,3793.0411,3852.0295,315767.31,107729.06
245000,244.999,114.78314,3779.1575,3838.4902,314626.2,107798.16
246000,245.999,116.41165,3764.6825,3824.8569,313449.83,107868.19
247000,246.999,113.64268,3752.2688,3811.012,312378.84,107939.22
248000,247.999,115.55655,3737.3139,3797.0464,311170.08,108011.28
249000,248.999,113.91824,3724.0142,3782.8998,310044.66,108084.38
250000,249.999,112.95119,3710.2338,3768.6195,308889.93,108158.53
251000,250.999,116.48992,3694.0092,3754.2242,307603.88,108233.68
252000,251.999,113.66202,3680.9072,3739.6604,306477.74,108309.8
253000,252.999,112.51179,3666.8207,3724.9794,305297.34,108386.83
254000,253.999,113.68534,3651.4548,3710.22,304047.44,108464.68
255000,254.999,114.93591,3635.9606,3695.3723,302789.26,108543.27
256000,255.999,111.23148,3622.9492,3680.446,301659.44,108622.5
257000,256.999,115.56201,3605.7545,3665.4899,300311.69,108702.28
258000,257.999,111.44551,3592.9159,3650.5233,299190.21,108782.49
259000,258.999,114.17423,3576.5232,3635.5412,297884.63,108863.04
260000,259.999,112.52796,3562.4042,3620.5712,296698.51,108943.82
261000,260.999,112.49362,3547.4936,3605.6428,295472.72,109024.74
262000,261.999,113.49322,3532.1187,3590.7846,294225.76,109105.71
263000,262.999,112.92073,3517.5951,3575.9651,293025.43,109186.66
264000,263.999,111.95841,3503.3437,3561.2163,291841.91,109267.54
265000,264.999,114.02704,3487.6277,3546.5695,290585.75,109348.28
266000,265.999,112.77148,3473.706,3531.9989,289425.81,109428.87
267000,266.999,110.02706,3460.6427,3517.5169,288313.58,109509.28
268000,267.999,111.57461,3445.4554,3503.1296,287094.63,109589.51
269000,268.999,110.33713,3431.8025,3488.837,285958.8,109669.57
270000,269.999,112.99878,3416.2138,3474.6242,284725.85,109749.49
271000,270.999,112.1479,3402.5184,3460.4889,283594.14,109829.31
272000,271.999,111.43001,3388.8099,3446.4093,282463.75,109909.07
273000,272.999,109.84263,3375.6137,3432.3926,281362.17,109988.85
274000,273.999,109.92593,3361.5929,3418.4149,280220.03,110068.7
275000,274.999,109.04054,3348.1063,3404.4706,279106.69,110148.69
276000,275.999,109.69301,3333.8406,3390.5422,277954.54,110228.91
277000,276.999,110.43379,3319.5344,3376.6189,276801.1,110309.44
278000,277.999,109.33625,3306.1719,3362.6891,275696.63,110390.34
279000,278.999,109.25578,3292.259,3348.7346,274563.37,110471.69
280000,279.999,111.01286,3277.3648,3334.7486,273380.33,110553.58
281000,280.999,109.99479,3263.8621,3320.7196,272267.14,110636.05
282000,281.999,109.23233,3250.1784,3306.6418,271144.08,110719.16
283000,282.999,108.84042,3236.2409,3292.5017,270006.52,110802.98
284000,283.999,109.33194,3221.7862,3278.3011,268842.38,110887.53
285000,284.999,109.61914,3207.3671,3264.0305,267677.33,110972.84
286000,285.999,109.46441,3193.1073,3249.6907,266519.68,111058.94
287000,286.999,107.11827,3179.9122,3235.2828,265414.6,111145.84
288000,287.999,108.3093,3164.8176,3220.8039,264211.06,111233.54
289000,288.999,108.79878,3150.0208,3206.2602,263021.79,111322.02
290000,289.999,106.05629,3136.8356,3191.6573,261913.64,111411.27
291000,290.999,109.12834,3120.5858,3176.9954,260648.25,111501.27
292000,291.999,108.16723,3106.3739,3162.2867,259485.67,111591.97
293000,292.999,107.33198,3092.0539,3147.535,258316.56,111683.35
294000,293.999,107.0749,3077.4023,3132.7505,257131.17,111775.36
295000,294.999,108.08568,3062.0699,3117.9407,255911.25,111867.96
296000,295.999,107.35813,3047.6175,3103.1121,254735.54,111961.09
297000,296.999,105.39895,3033.7942,3088.2761,253592.08,112054.72
298000,297.999,106.47037,3018.4032,3073.4389,252370.09,112148.79
299000,298.999,107.32688,3003.1278,3058.6062,251154.96,112243.27
300000,299.999,105.81632,2989.0914,3043.789,250003.69,112338.12
301000,300.999,105.22323,2974.5974,3028.9885,248829.81,112433.29
302000,301.999,104.68746,2960.0978,3014.2119,247657.51,112528.77
303000,302.999,105.31181,2945.0272,2999.4641,246458.11,112624.52
304000,303.999,104.70596,2930.6226,2984.7463,245293.88,112720.53
305000,304.999,103.55441,2916.5334,2970.0618,244147.43,112816.79
306000,305.999,105.11734,2901.0722,2955.4086,242933.05,112913.29
307000,306.999,106.16925,2885.9087,2940.7888,241735.4,113010.04
308000,307.999,104.36901,2872.2528,2926.2024,240615.53,113107.04
309000,308.999,103.58912,2858.0992,2911.6456,239472.42,113204.31
310000,309.999,103.10658,2843.8188,2897.1158,238324.13,113301.87
311000,310.999,103.99829,2828.8503,2882.6082,237142.01,113399.75
312000,311.999,103.60566,2814.5664,2868.1213,235996.81,113497.97
313000,312.999,102.8147,2800.5036,2853.6497,234863.19,113596.57
314000,313.999,102.08486,2786.4199,2839.1887,233729.81,113695.58
315000,314.999,101.61395,2772.2073,2824.7327,232589.99,113795.04
316000,315.999,102.69358,2757.1936,2810.2771,231411.71,113894.99
317000,316.999,102.99406,2742.5796,2795.8184,230254.27,113995.46
318000,317.999,102.13598,2728.5549,2781.3501,229125.98,114096.49
319000,318.999,103.2664,2713.4899,2766.8695,227946.15,114198.12
320000,319.999,102.34317,2699.4703,2752.3727,226818.47,114300.37
321000,320.999,99.884784,2686.2254,2737.857,225729.84,114403.28
322000,321.999,101.23156,2670.9895,2723.3172,224542.1,114506.88
323000,322.999,101.9787,2656.0384,2708.7524,223368.57,114611.19
324000,323.999,100.81488,2642.049,2694.1614,222242.61,114716.23
325000,324.999,98.979307,2628.3803,2679.5438,221132.73,114822.02
326000,325.999,100.97934,2612.6981,2664.8954,219922.45,114928.56
327000,326.999,100.97749,2598.0241,2650.2205,218762.53,115035.87
328000,327.999,99.432931,2584.1203,2635.5183,217640.1,115143.96
329000,328.999,100.0981,2569.0467,2620.7886,216460.51,115252.81
330000,329.999,100.04742,2554.3189,2606.0345,215297.7,115362.43
331000,330.999,99.087082,2540.0383,2591.2575,214156.79,115472.82
332000,331.999,98.125025,2525.7376,2576.4595,213015.02,115583.96
333000,332.999,98.854079,2510.5442,2561.643,211829.67,115695.85
334000,333.999,97.665587,2496.3266,2546.811,210692.73,115808.48
335000,334.999,98.211203,2481.198,2531.9645,209511.2,115921.83
336000,335.999,98.825057,2466.0246,2517.1084,208328.42,116035.89
337000,336.999,99.342411,2450.8931,2502.2443,207147.84,116150.65
338000,337.999,98.329572,2436.5469,2487.3746,206006.7,116266.1
339000,338.999,98.313879,2421.6835,2472.5031,204840.33,116382.22
340000,339.999,96.517424,2407.7395,2457.6305,203719.97,116499.01
341000,340.999,96.020973,2393.1247,2442.759,202567.85,116616.45
342000,341.999,96.931869,2377.7847,2427.8899,201380.63,116734.55
343000,342.999,94.976937,2363.9318,2413.0264,200267.46,116853.29
344000,343.999,95.82089,2348.6358,2398.1667,199084.65,116972.67
345000,344.999,96.963003,2333.1923,2383.3136,197895.53,117092.7
346000,345.999,97.212933,2318.2172,2368.4677,196730.75,117213.38
347000,346.999,96.619752,2303.6849,2353.6288,195587.43,117334.71
348000,347.999,96.045743,2289.1499,2338.797,194446,117456.7
349000,348.999,97.109075,2273.7753,2323.9721,193264.02,117579.36
350000,349.999,95.400794,2259.84,2309.1537,192153.75,117702.7
351000,350.999,95.061848,2245.2,2294.3385,191009.85,117826.74
352000,351.999,95.174795,2230.3319,2279.5289,189855.42,117951.48
353000,352.999,94.05613,2216.1048,2264.7235,188733.39,118076.96
354000,353.999,95.042513,2200.7891,2249.9176,187559.53,118203.18
355000,354.999,92.994604,2187.046,2235.1159,186461.78,118330.17
356000,355.999,94.703441,2171.3555,2220.3088,185271.96,118457.94
357000,356.999,93.6359,2157.1031,2205.5046,184151.94,118586.52
358000,357.999,93.595657,2142.3148,2190.6954,183005.9,118715.92
359000,358.999,90.701471,2129.0012,2175.8858,181932.78,118846.17
360000,359.999,92.236118,2113.3872,2161.0651,180748.27,118977.29
361000,360.999,92.613237,2098.3703,2146.2432,179593.66,119109.29
362000,361.999,90.821447,2084.4669,2131.4136,178494.21,119242.19
363000,362.999,93.865988,2068.0488,2116.5692,177273.8,119376.02
364000,363.999,91.776832,2054.2843,2101.7248,176181.44,119510.78
365000,364.999,91.137514,2039.7627,2086.8727,175053,119646.5
366000,365.999,91.153647,2024.8907,2072.009,173908.52,119783.19
367000,366.999,90.240413,2010.4896,2057.1359,172786.78,119920.85
368000,367.999,90.678273,1995.3873,2042.2599,171632.29,120059.51
369000,368.999,91.103127,1980.2776,2027.3698,170477.6,120199.18
370000,369.999,89.896696,1966.0055,2012.4741,169364.53,120339.86
371000,370.999,88.908599,1951.616,1997.5739,168245.39,120481.57
372000,371.999,89.108239,1936.6036,1982.6647,167098.39,120624.3
373000,372.999,88.723094,1921.8866,1967.7486,165965.21,120768.09
374000,373.999,90.231365,1906.182,1952.8236,164786.32,120912.92
375000,374.999,89.02199,1891.8831,1937.8995,163674.22,121058.81
376000,375.999,88.654172,1877.1488,1922.9751,162542.76,121205.77
377000,376.999,89.05986,1861.9996,1908.0357,161392.27,121353.8
378000,377.999,89.587996,1846.793,1893.102,160239.26,121502.91
379000,378.999,88.785845,1832.2716,1878.166,159120.14,121653.1
380000,379.999,86.782498,1818.379,1863.2379,158030.61,121804.4
381000,380.999,87.009621,1803.3168,1848.293,156887.12,121956.8
382000,381.999,86.054628,1788.877,1833.3596,155774.04,122110.32
383000,382.999,87.721193,1773.0766,1818.4206,154597.2,122264.96
384000,383.999,86.959058,1758.5353,1803.4854,153480.8,122420.73
385000,384.999,86.238553,1743.985,1788.5627,152364.81,122577.65
386000,385.999,87.145823,1728.5777,1773.6243,151210.07,122735.72
387000,386.999,85.715605,1714.4122,1758.7196,150113.12,122894.97
388000,387.999,86.186423,1699.2414,1743.7921,148970.93,123055.4
389000,388.999,85.585104,1684.6378,1728.8777,147855.44,123217.03
390000,389.999,87.064886,1668.9479,1713.9528,146690.88,123379.88
391000,390.999,85.271893,1654.9697,1699.0477,145606.91,123543.95
392000,391.999,85.365261,1640.0187,1684.1449,144478.3,123709.27
393000,392.999,83.264673,1626.195,1669.2355,143403.15,123875.86
394000,393.999,83.92303,1610.958,1654.3387,142262.81,124043.73
395000,394.999,84.19762,1595.9117,1639.4345,141133.57,124212.9
396000,395.999,84.431768,1580.8955,1624.5392,140005.81,124383.39
397000,396.999,83.665268,1566.408,1609.6555,138903.81,124555.22
398000,397.999,84.549285,1551.0745,1594.779,137763.15,124728.41
399000,398.999,83.116953,1536.9186,1579.8826,136678.43,124902.98
400000,399.999,82.412918,1522.4172,1565.0174,135577.9,125078.95
401000,400.999,82.659655,1507.4024,1550.1301,134455.5,125256.34
402000,401.999,83.087084,1492.3128,1535.2615,133329.98,125435.18
403000,402.999,81.761926,1478.1106,1520.3743,132247.15,125615.47
404000,403.999,83.524027,1462.3304,1505.5049,131092.45,125797.25
405000,404.999,82.172374,1448.1623,1490.6381,130012.47,125980.53
406000,405.999,81.667053,1433.5517,1475.7663,128914.16,126165.34
407000,406.999,79.572232,1419.7565,1460.8883,127853.52,126351.69
408000,407.999,81.128734,1404.0977,1446.034,126708.95,126539.61
409000,408.999,79.944547,1389.8376,1431.1619,125629.11,126729.11
410000,409.999,79.052043,1375.4497,1416.3126,124544.88,126920.22
411000,410.999,80.165153,1360.0111,1401.4494,123413.74,127112.96
412000,411.999,79.616901,1345.4346,1386.5895,122323.43,127307.35
413000,412.999,78.724466,1331.053,1371.7465,121243.22,127503.42
414000,413.999,79.010042,1316.063,1356.9042,120135.14,127701.17
415000,414.999,78.942595,1301.2544,1342.0607,119037.42,127900.64
416000,415.999,78.42522,1286.676,1327.2148,117951.62,128101.84
417000,416.999,78.334591,1271.8957,1312.3877,116858.1,128304.81
418000,417.999,77.82398,1257.3369,1297.565,115775.47,128509.55
419000,418.999,76.584805,1243.1572,1282.7448,114710.72,128716.1
420000,419.999,76.558011,1228.3621,1267.9359,113620.62,128924.48
421000,420.999,76.152338,1213.771,1253.135,112540.07,129134.71
422000,421.999,76.659609,1198.7156,1238.3418,111440.12,129346.82
423000,422.999,77.235392,1183.6309,1223.5547,110340.09,129560.83
424000,423.999,75.855345,1169.5718,1208.7823,109287.97,129776.77
425000,424.999,76.761676,1154.3502,1194.0292,108184.88,129994.66
426000,425.999,74.715167,1140.6562,1179.2773,107151.81,130214.53
427000,426.999,73.094438,1126.7481,1164.5314,106109.64,130436.42
428000,427.999,74.133406,1111.4827,1149.8031,105009.22,130660.35
429000,428.999,74.610739,1096.526,1135.0931,103923.25,130886.34
430000,429.999,75.520003,1081.3593,1120.3964,102829.9,131114.44
431000,430.999,73.105452,1067.9254,1105.7145,101814.62,131344.66
432000,431.999,73.440525,1053.0841,1091.0463,100738.7,131577.04
433000,432.999,71.720568,1039.3204,1076.3935,99711.583,131811.62
434000,433.999,72.52406,1024.2705,1061.759,98628.673,132048.42
435000,434.999,72.953882,1009.4322,1047.1429,97557.438,132287.48
436000,435.999,72.765513,994.92753,1032.5409,96502.558,132528.82
437000,436.999,72.83557,980.31307,1017.9626,95443.753,132772.5
438000,437.999,71.416823,966.48264,1003.3988,94421.274,133018.53
439000,438.999,71.472965,951.91276,988.85795,93367.523,133266.97
440000,439.999,71.34667,937.45653,974.33643,92321.142,133517.83
441000,440.999,70.980726,923.14564,959.83638,91282.059,133771.17
442000,441.999,70.211369,909.06642,945.35947,90254.368,134027.01
443000,442.999,70.120606,894.65858,930.90471,89215.129,134285.39
444000,443.999,69.83389,880.37531,916.47324,88181.543,134546.36
445000,444.999,69.303744,866.24226,902.06615,87156.788,134809.95
446000,445.999,69.612668,851.70035,887.68393,86116.162,135076.2
447000,446.999,69.414867,837.44693,873.32827,85089.584,135345.16
448000,447.999,68.487243,823.59755,858.99938,84081.913,135616.85
449000,448.999,68.354811,809.36424,844.69761,83060.367,135891.33
450000,449.999,67.464072,795.55151,830.42446,82057.308,136168.64
451000,450.999,67.256976,781.41508,816.18097,81043.428,136448.81
452000,451.999,66.400289,767.64479,801.96785,80046.345,136731.89
453000,452.999,66.425434,753.4495,787.78556,79032.48,137017.93
454000,453.999,66.770051,739.12119,773.63538,78015.806,137306.97
455000,454.999,66.414804,725.18758,759.51815,77017.337,137599.06
456000,455.999,65.165871,711.75022,745.4352,76041.9,137894.24
457000,456.999,66.397613,697.06538,731.38706,75015.213,138192.56
458000,457.999,64.961286,683.79629,717.37551,74050.765,138494.06
459000,458.999,65.227797,669.68337,703.40036,73052.139,138798.8
460000,459.999,65.610002,655.54918,689.46373,72055.692,139106.83
461000,460.999,64.480445,642.23582,675.5665,71094.54,139418.19
462000,461.999,64.539551,628.34882,661.71004,70112.426,139732.93
463000,462.999,63.55148,615.04479,647.89527,69156.446,140051.12
464000,463.999,63.350029,601.37463,634.12098,68186.928,140372.8
465000,464.999,63.097656,587.77779,620.39368,67222.923,140698.02
466000,465.999,62.381023,574.46508,606.71054,66273.03,141026.84
467000,466.999,61.364892,561.35297,593.07318,65333.17,141359.32
468000,467.999,62.266992,547.29562,579.48214,64356.245,141695.51
469000,468.999,60.78895,534.51991,565.94241,63435.422,142035.47
470000,469.999,61.289693,520.77911,552.46045,62476.423,142379.26
471000,470.999,60.668085,507.66198,539.022,61545.288,142726.93
472000,471.999,61.029373,494.0896,525.63637,60597.753,143078.56
473000,472.999,59.936846,481.34339,512.32543,59686.738,143434.19
474000,473.999,60.062867,468.00904,499.05621,58753.752,143793.9
475000,474.999,58.388379,455.67186,485.85348,57864.126,144157.75
476000,475.999,58.444843,442.52354,472.73434,56942.577,144525.8
477000,476.999,58.364542,429.48959,459.65888,56028.675,144898.13
478000,477.999,58.6232,416.35886,446.66186,55113.132,145274.79
479000,478.999,57.940389,403.81277,433.76282,54223.164,145655.86
480000,479.999,56.756979,391.61559,420.95391,53349.508,146041.41
481000,480.999,57.568938,378.41359,408.17163,52438.209,146431.51
482000,481.999,56.573827,366.31889,395.56254,51572.48,146826.25
483000,482.999,55.301123,354.44477,383.03054,50718.044,147225.69
484000,483.999,55.673628,341.80921,370.58754,49834.759,147629.92
485000,484.999,55.556992,329.51578,358.23381,48968.138,148039.02
486000,485.999,54.373764,317.99248,346.09889,48131.391,148453.08
487000,486.999,54.900379,305.60828,333.98691,47263.678,148872.18
488000,487.999,54.708284,293.73254,322.01188,46418.716,149296.4
489000,488.999,53.436259,282.58103,310.20283,45603.649,149725.85
490000,489.999,53.436752,270.88816,298.51022,44768.427,150160.61
491000,490.999,52.457785,259.81814,286.93416,43960.36,150600.78
492000,491.999,52.524482,248.28093,275.43143,43135.936,151046.45
493000,492.999,52.162151,237.14092,264.10413,42328.698,151497.7
494000,493.999,51.244679,226.36586,252.85482,41538.27,151954.65
495000,494.999,51.815908,214.90357,241.6878,40724.238,152417.38
496000,495.999,50.753092,204.40151,230.63636,39950.325,152885.99
497000,496.999,51.171521,193.21569,219.66683,39151.652,153360.57
498000,497.999,49.514282,183.1089,208.70339,38400.165,153841.2
499000,498.999,49.749977,172.15714,197.87347,37617.686,154327.99
500000,499.999,49.545037,161.50443,187.11482,36850.612,154821
501000,500.999,50.098606,150.51079,176.40732,36073.9,155320.35
502000,501.999,48.661149,140.49085,165.64435,35340.193,155826.1
503000,502.999,49.081121,129.6883,155.05889,34578.934,156338.35
504000,503.999,48.345168,119.42736,144.41753,33843.448,156857.17
505000,504.999,47.605372,109.21764,133.8254,33115.195,157382.66
506000,505.999,47.342688,98.85268,123.32465,32383.892,157914.91
507000,506.999,47.180735,88.464163,112.85242,31656.14,158453.99
508000,507.999,46.356433,78.459672,102.42184,30948.194,159000.01
509000,508.999,45.691377,68.442108,92.060498,30243.16,159553.06
510000,509.999,45.799137,58.137766,81.811859,29530.442,160113.22
510002,510.001,45.773562,58.130843,81.791716,29529.537,160114.35
510002,510.001,45.773562,58.130843,81.791716,29529.537,160114.35
511000,510.999,46.797469,57.627053,81.817195,29510.501,160114.35
512000,511.999,46.026583,58.010265,81.801927,29525.455,160114.35
513000,512.999,45.481841,58.270863,81.780941,29535.528,160114.35
514000,513.999,45.67827,58.185966,81.797581,29531.954,160114.35
515000,514.999,45.577474,58.221873,81.781386,29533.381,160114.35
516000,515.999,45.706306,58.161874,81.787982,29531.378,160114.35
517000,516.999,45.261201,58.370302,81.766329,29539.95,160114.35
518000,517.999,46.184793,57.930092,81.803534,29522.128,160114.35
519000,518.999,45.513844,58.257168,81.783789,29534.839,160114.35
520000,519.999,46.85777,57.568043,81.789355,29508.665,160114.35
521000,520.999,45.45269,58.272459,81.767469,29535.496,160114.35
522000,521.999,45.387814,58.309982,81.771457,29537.186,160114.35
523000,522.999,45.561978,58.224661,81.776163,29533.69,160114.35
524000,523.999,46.002083,58.021868,81.800866,29525.665,160114.35
525000,524.999,45.244082,58.364597,81.751776,29539.297,160114.35
526000,525.999,46.229448,57.892108,81.788633,29521.207,160114.35
527000,526.999,45.766696,58.136083,81.793407,29530.388,160114.35
528000,527.999,44.597336,58.690989,81.743857,29552.272,160114.35
529000,528.999,46.28403,57.870889,81.795628,29520.569,160114.35
530000,529.999,45.668073,58.143879,81.750222,29531.082,160114.35
530002,530.001,45.642041,58.160091,81.752979,29531.663,160114.35
